"agency_name","agency_id","total"
"National Women's Business Council",803,NA
"Federal Prison System / Bureau of Prisons",259,31994255548.88
"Department of State",315,111689591213.5
"Federal Acquisition Service",634,14765873011.54
"Social Security Administration",539,1792621087569.28
"Public Buildings Service",636,70248641917.11
"Headquarters, NASA",862,256143860153.76
"Centers for Medicare and Medicaid Services",830,77583197295.31
"Rural Housing Service",158,NA
"Defense Human Resources Activity",1205,93556311014.98
"Forest Service",149,21255537026.49
"Federal Acquisition Service",633,6504218337.58
"U.S. Coast Guard",772,35169265213.08
"Railroad Retirement Board",693,26797434398.8
"Agency for Healthcare Research and Quality",828,7643480250.89
"Natural Resources Conservation Service",150,10134483846.71
"National Park Service",237,9820929484.3
"Defense Finance and Accounting Service",1222,59040887332.09
"Affordable Housing Preservation",901,62722255815
"Drug Enforcement Administration",255,6822770086.81
"Environmental Protection Agency",700,25462214566.4
"National Oceanic and Atmospheric Administration",195,NA
"Department of the Navy",1173,96892164460.5
"Internal Revenue Service",491,30422354713.34
"Federal Aviation Administration",751,59046759916.65
"Food and Drug Administration",824,78841876108.6
"Defense Contract Audit Agency",1217,47188842659
"Federal Emergency Management Agency",782,30225268439.74
"Federal Bureau of Investigation",262,17655881851.3
"Office of the Chief Procurement Officer",794,13033689065.84
"Agency for International Development",801,NA
"U.S. Fish and Wildlife Service",239,3745722845.91
"Agricultural Research Service",168,2867214394.98
"Assistant Secretary for Public and Indian Housing",900,NA
"Presidio Trust",1163,1773179020.82
"Offices, Boards and Divisions",253,16323364512.22
"Under Secretary for Health/Veterans Health Administration",580,19483809934.65
"Bureau of Land Management",227,5528726210.58
"Army/Air Force Exchange Service ",1235,39903253425.34
"Office of the Secretary",930,457124928433.85
"National Science Foundation",655,33926291624.04
"Office of Personnel Management",503,15465106262.59
"Agency for Toxic Substances and Disease Registry",825,12416444072.5
"Bureau of Indian Affairs and Bureau of Indian Education",240,4080270446.46
"National Security Agency/Central Security Service",1223,17007735430.09
"U.S. Marshals Service",261,8086699805.96
"Office of the Assistant Secretary for Financial Resources",840,16232288702.19
"Animal and Plant Health Inspection Service",176,2214616286.12
"National Institute of Standards and Technology",197,5029177456.07
"Bureau of Reclamation",228,5646597366.55
"U.S. Geological Survey",233,3820778583.22
"Assistant to the Deputy Secretary Office of Field Policy Management",896,41215226405.93
"Bureau of Alcohol, Tobacco, Firearms and Explosives Acquisition and Property Management Division",265,2800035020.6
"Office of the Civilian Health and Medical Program",1228,5184266878.3
"Transportation Security Administration",777,23952346702.06
"U.S. Customs and Border Protection",778,27022394713.61
"United States Mint",487,51819082731.5
"Food and Nutrition Service",163,237127572542.32
"Federal Highway Administration",753,NA
"Indian Health Service",827,5238886053.61
"United States Institute of Peace",1166,4001676513.87
"Smithsonian Institution",555,3741468676.66
"U.S. Immigration and Customs Enforcement",776,13121221129.51
"Office of the Secretary",1068,33671029382.35
"Office of Procurement Operations",767,17241966941.08
"Federal Law Enforcement Training Center",779,1907974175.31
"Bureau of Engraving and Printing",486,5432444701.12
"Office of the Chief Information Officer",130,3224657382.82
"Joint Improvised Explosive Device Defeat Organization",1231,10296376257.71
"Administrative Office of the U.S. Courts",39,4468372945.43
"Office of the Secretary",882,20452319129.31
"Immediate Office of the Secretary of Transportation",732,8002854696.89
"Office of Justice Programs",263,15614580329.25
"Departmental Offices",214,4470417344.92
"Federal Prison Industries / Unicor",260,747149420.38
"Department of Defense Education Activity",1227,1895932235.83
"Agricultural Marketing Service",175,9545761906.36
"Federal Acquisition Service",635,10992031350.43
"U.S. Citizenship and Immigration Services",769,10282813199.17
"Forest Service",110,2199874020.49
"Federal Transit Administration",760,37633666338.13
"Defense Information Systems Agency",1216,19776539257.65
"Department of Justice",252,1919796726.83
"U.S. Patent and Trademark Office",200,8969047484.35
"Family Support Administration",831,963851398719.94
"Maritime Administration",755,2246163171.59
"Defense Contract Management Agency",1208,15953471289.88
"U.S. Special Operations Command",1234,93538707725.19
"U. S. Coast Guard",758,2779643042.52
"Office of the Comptroller of the Currency",488,1968155904.96
"Nuclear Regulatory Commission",554,2897822118.71
"Bureau of the Fiscal Service",479,2324304169.21
"Securities and Exchange Commission",680,4035049528.82
"U.S. Secret Service",773,2228781427.71
"National Highway Traffic Safety Administration",756,3334453352.37
"USTRANSCOM",1211,5284498268.23
"Office of the Assistant Secretary for Administration and Management",271,2232295167.24
"Equal Employment Opportunity Commission",611,683171171.39
"Occupational Safety and Health Administration",301,720031866.19
"U.S. Census Bureau",193,8868730401.93
"Defense Microelectronics Activity",1209,4455970510.68
"Departmental Offices",457,4656981231.28
"Office of the Inspector General",1225,111508905393.77
"Defense Career Management and Support Agency ",1239,30012518062.14
"Missile Defense Agency",1233,617682778.67
"Immediate Office of the Secretary of Defense",1214,8311647965.2
"Office of the Chief Financial Officer",100,1746046644.21
"Executive Office of the President",48,4173054050.65
"National Endowment for the Arts",687,278975499.91
"Information Security Oversight Office",925,2638471747.52
"Bureau of Labor Statistics",290,1268532879.66
"Office of the Under Secretary for Science and Technology",787,4148157347.32
"USD(A And T) Defense Support Activity",1206,3808264828.7
"Financial Crime Enforcement Network",470,2560394917.5
"Federal Railroad Administration",754,15766920471.09
"Defense Security Service",1220,1074149225.44
"Department of Commerce",183,422251992.23
"Mine Safety and Health Administration",300,386587969.83
"Bureau of Ocean Energy Management",234,1862941439.83
"Consumer Product Safety Commission",694,345066770.33
"General Services Administration",614,1304966772.85
"Employment and Training Administration",291,8822747603.23
"Armed Forces Retirement Home",878,NA
"Immediate Office of the Secretary",806,2090686119.66
"National Protection and Programs Directorate",791,7722214213.88
"Business Transformation Agency",1212,7727598743.31
"Office of Operations",104,928851563.28
"Office of the Secretary",184,1210184707.43
"Department of Agriculture",95,519562976.93
"Food Safety and Inspection Service",166,714118984.94
"International Boundary and Water Commission: U.S.-Mexico",320,772165565.79
"Office of the Special Trustee for American Indians",223,677956743.39
"Employment Standards Administration",293,950607313.16
"Barry Goldwater Scholarship and Excellence In Education Foundation",1158,1129905266.39
"Alcohol and Tobacco Tax and Trade Bureau",468,744851114.99
"Office of Assistant Secretary for Planning and Evaluation",811,15646474964.82
"Financial Management Service",478,917655858.38
"Foreign Agricultural Service",154,1985800922.55
"National Agricultural Statistics Service",171,153165419.03
"Office of Surface Mining, Reclamation and Enforcement",236,144901621.48
"FEMA Region II",1439,525870753.15
"National Center for Health Services Research and Health Care Technology Assessment",836,1439360851.62
"Rural Utilities Service",157,NA
"Peace Corps",89,1122150468.22
"Federal Communications Commission",538,1177534448.48
"Federal Motor Carrier Safety Administration",759,1647829055.5
"Federal Trade Commission",552,830691438.69
"Office of the Inspector General",770,429788817.66
"Immigration and Naturalization Service",266,2384196161.38
"Saint Lawrence Seaway Development Corporation",757,147392585.15
"Morris K. Udall and Stewart L. Udall Foundation",1154,999238595.82
"Small Business Administration",802,4379021741.1
"Office of the Inspector General for Tax Administration",465,116593750.52
"Department of the Treasury",456,193642215.63
"Virginia Contracting Agency",1210,2682462365.38
"National Preparedness Programs Directorate",1437,2576781436.62
"Pension Benefit Guaranty Corporation",308,3666046579.88
"Pipeline and Hazardous Materials Safety Administration",761,565183096.61
"Bureau of Safety and Environmental Enforcement",235,558367573.13
"Office of the Chief Information Officer",640,2914915991.38
"National Endowment for the Humanities",692,301237358.4
"The Judicial Branch",28,83510651.99
"Office of Job Corps",292,16194769391.41
"Department of Homeland Security",766,951052463.64
"GAO, Except Comptroller General",13,795829216.56
"Employee Benefits Security Administration",287,523336349.07
"Office of the Chief Information Officer",797,4018939733.81
"National Transportation Safety Board",1129,598576557.83
"Grain Inspection, Packers and Stockyards Administration",177,51291322.06
"Federal Energy Regulatory Commission",998,607317487.72
"Office of the Solicitor",269,82897220.06
"Harry S Truman Scholarship Foundation",1130,120708069.94
"Department of Transportation",731,314168305.13
"Inter-American Foundation",68,78107585.3
"Animal and Plant Health Inspection Service",119,205889153.87
"National Gallery of Art",559,407251555.92
"Federal Law Enforcement Training Center",469,268156776.54
"National Advisory Council on International Monetary and Financial Policy",494,37395849.66
"National Labor Relations Board",697,470069734.63
"Office of Inspector General",270,144048586.91
"Economic Research Service",170,91535495.99
"National Institutes of Health",829,3064147870.42
"Library of Congress",7,52710037.63
"Office of Assistant Secretary for Health",821,481658480.24
"Department of the Interior",209,114560604.54
"Defense Media Activity",1226,291459311.05
"National Telecommunications and Information Administration",196,563607565.04
"International Trade Administration",201,354824056.36
"Office of the Inspector General",99,70061728.66
"Pretrial Services Agency",1170,320150542.85
"Defense Commissary Agency",1221,895026946.1
"Merit Systems Protection Board",610,32134967.78
"United States Trade and Development Agency",90,155916446.86
"Office of Finance and Management",105,191215569.38
"Community Development Financial Institutions Fund",495,NA
"Armed Forces Retirement Home",880,390201894.78
"Economic Development Administration",194,229696616.04
"Risk Management Agency",155,5545585858.87
"Centers for Disease Control and Prevention",823,4151621795.97
"Office of the National Drug Control Policy",63,1525108353.35
"Privacy and Civil Liberties Oversight Board",1142,17945769.21
"National Institute of Food and Agriculture",169,112428923.27
"International Trade Commission",560,136077595.56
"Office of the Director",1171,72036923.63
"Overseas Private Investment Corporation",800,NA
"Office of the Administrator",618,355567462.4
"National Technical Information Service",198,141913507.33
"Gorgas Memorial Institute of Tropical and Preventative Medicine",848,14302643535.29
"Office of the Secretary",218,659149220.14
"Executive Office for U.S. Attorneys and the Offices of U.S. Attorneys",256,11666872.29
"Assistant Secretary for Administration",886,65014324.97
"U.S. Postal Service",309,25256476.23
"Commodity Futures Trading Commission",1128,127332761.43
"Air National Guard Units (Title 32)",1203,140878399.62
"Office of Assistant Secretary of Civil Rights",135,40466413.14
"U.S. Secret Service",474,260633552.62
"Naval Computer and Telecommunications Command",1183,222778144.35
"Office of the Inspector General",213,86065478.16
"Office of Inspector General",617,47073794.31
"Office of the Under Secretary for Management",789,598186134.32
"Wage and Hour Division",294,143752576.83
"National Geospatial-Intelligence Agency",1213,919971994.18
"Research and Innovative Technology Administration ",765,174814760.8
"Office of Public Affairs",620,12972603.31
"President's Committee on Employment of the Handicapped",305,125424459.51
"Office of Inspector General",459,118954117.79
"Office of Information and Public Affairs",274,107111732.12
"Office of Communication",102,27891868.11
"Office of Procurement and Property Management",136,147602135.11
"Office of Thrift Supervision",489,88191595.66
"Assistant Secretary for Departmental Management",133,259239782.25
"Women's Bureau",303,12836208.29
"Broadcasting Board of Governors",1162,30432598.97
"Office of Chief Financial Officer",288,369013648.62
"National Capital Planning Commission",1125,68024925.51
"Office of Workers Compensation Program",296,342260809.28
"Food Safety and Inspection Service",121,50551804.75
"Federal Maritime Commission",699,23059656.94
"U.S. Export Administration",202,66011030.57
"Gulf Coast Ecosystem Restoration Council",1146,13590140.51
"John F. Kennedy Center for the Performing Arts",558,173691642.88
"Domestic Nuclear Detection Office",792,544734079.3
"Office of the Assistant Secretary for Policy",272,111596812.25
